{
  "metadata": {
    "name": "YuShuBo 【御书网】",
    "author": "Nhocconsr",
    "version": 2,
    "source": "https://www.yushubo.com/",
    "regexp": "(www.)?(m.)?yushubo.com/book_\\d+.html",
    "description": "Nếu extention có vấn đề vui lòng liên hệ email : phamgiavang@gmail.com<br>V2: Fix load chương thiếu",
    "local": "vi-VN",
    "language": "javascript",
    "type": "chinese_novel"
  },
  "script": {
    "home": "home.js",
    "detail": "detail.js",
    "toc": "toc.js",
    "chap": "chap.js"
  }
}